16,4,4,0,2,0,0,2,0,0,6.59655171225003
12,6,2,2,0,0,0,4,2,0,21.420346481274656
12,2,0,8,0,0,2,2,0,2,4.19843095365348
10,12,0,0,0,0,0,0,6,2,30.235669827604784
10,0,0,10,0,4,2,2,0,2,98.9220846065091
10,0,0,2,10,4,0,4,0,0,28.94025451227819
8,6,2,0,0,4,0,4,0,0,59.211092886602515
8,4,10,4,2,0,0,0,2,0,26.560189535996777
8,2,0,4,0,6,2,4,0,0,3.8562794271300036
8,0,8,0,6,4,0,2,2,0,15.304352237552903
8,0,2,4,2,6,0,0,4,0,50.246610530753244
8,0,0,6,0,4,0,0,4,0,121.08795333828104
8,0,0,2,2,0,2,10,4,2,57.62061472868073
8,0,0,0,4,0,0,10,2,4,34.42569980684825
8,0,0,0,0,0,0,6,10,6,11.4995117984689
6,8,0,2,4,2,0,2,6,0,32.93563174545355
6,4,6,2,6,0,0,0,2,0,8.939033180611133
6,4,4,6,2,2,0,0,4,2,30.332506482442305
6,4,4,0,6,4,2,0,4,0,0.15940035790006282
6,4,2,14,2,0,0,0,0,0,65.47367855913994
6,4,2,8,0,0,0,4,4,0,109.71524220166795
6,4,0,2,6,6,2,2,2,0,83.46634036925894
6,2,4,2,0,0,2,0,0,14,43.92959663136444
6,2,4,0,4,0,0,2,6,4,43.9779261394077
6,2,2,0,4,2,4,4,6,0,79.19828195748539
6,2,0,2,0,2,6,4,2,0,53.24386646753898
6,0,14,0,2,2,0,2,0,0,56.515438418347486
6,0,6,2,2,0,2,2,0,8,5.7520401299442625
6,0,4,2,0,10,2,2,0,2,14.263501724108558
6,0,2,0,2,12,2,4,0,0,2.343115406710447
6,0,0,4,8,2,2,0,0,0,28.942966986206137
6,0,0,2,0,18,2,0,2,0,0.655862678039115
6,0,0,0,2,6,2,6,6,2,41.297664166541836
4,8,6,4,2,0,0,0,0,4,24.960219606953356
4,8,2,4,4,0,0,0,2,0,34.35639920883075
4,6,4,0,2,2,4,0,0,4,32.795506107299865
4,6,2,4,0,4,0,0,2,2,81.47525345468453
4,6,2,0,12,6,0,0,0,0,7.7639686548252165
4,4,2,0,6,6,0,6,0,2,31.51207105224515
4,4,0,2,2,4,4,0,6,4,68.91114420146003
4,4,0,0,0,2,4,0,0,0,43.569530927179336
4,4,0,0,0,2,2,4,12,2,14.193690275340348
4,2,8,2,2,0,6,2,2,0,18.731954808015804
4,2,8,2,0,0,0,8,2,0,93.25676745405059
4,2,6,4,6,0,2,2,4,0,28.995899433028445
4,2,6,0,2,0,6,4,2,4,6.1963063742045
4,2,4,4,0,2,2,4,4,2,0.21081908243616948
4,2,4,2,2,0,0,8,4,2,0.5530151937306936
4,2,2,10,2,2,2,0,2,2,16.217684024513176
4,2,2,4,6,6,0,0,0,4,4.12045020026725
4,2,2,2,2,8,4,2,2,0,-0.12531725541575556
4,2,2,2,2,0,8,6,0,0,17.19206992125821
4,2,0,10,0,0,6,0,2,6,44.48136316752688
4,2,0,6,8,0,0,0,2,8,10.59849519805549
4,2,0,6,0,0,0,0,0,2,102.10713320630829
4,2,0,2,0,6,0,2,4,2,31.785337542938414
4,2,0,0,10,6,4,0,2,0,46.422205494114294
4,2,0,0,4,4,2,14,0,0,8.097071134761606
4,2,0,0,2,0,2,2,4,2,54.707986941981346
4,0,8,2,4,2,4,0,0,2,25.92409567853627
4,0,8,0,4,4,2,4,4,0,51.68480109975564
4,0,8,0,0,0,10,0,0,0,87.06198266881317
4,0,6,2,12,4,0,0,2,0,48.3814457495327
4,0,4,2,0,10,2,2,0,2,93.03115280626093
4,0,2,8,2,0,2,8,4,0,24.581245054130715
4,0,2,6,0,2,4,8,0,4,41.68048272566149
4,0,2,2,6,0,0,2,0,2,15.88896784776428
4,0,2,0,0,0,2,4,4,4,8.423409207021162
4,0,0,2,2,10,10,2,0,0,82.10105157785172
4,0,0,0,8,0,2,14,0,0,20.696489442210705
4,0,0,0,0,2,6,6,10,0,78.31158729181361
3,3,3,3,4,3,3,3,2,2,-1.6571588206530896
3,3,3,3,4,3,2,3,3,2,0.25628192788345316
3,3,3,3,4,3,2,3,2,2,0.4793659437037063
3,3,3,3,4,2,2,3,3,2,-0.22487628024927922
3,3,3,3,4,2,2,3,2,2,-2.6604321530702255
3,3,3,3,3,3,3,4,3,2,-1.0691484721313826
3,3,3,3,3,3,3,4,2,2,-0.2667871382526107
3,3,3,3,3,3,3,3,3,3,0.8383108243721884
3,3,3,3,3,3,3,3,3,2,-0.7155435386914687
3,3,3,3,3,3,3,3,2,3,0.9944582421651977
3,3,3,3,3,3,3,3,2,2,-0.7536339491665976
3,3,3,3,3,3,2,4,3,3,-1.4629095476971317
3,3,3,3,3,3,2,4,3,2,-0.4190616957539302
3,3,3,3,3,3,2,4,2,3,-0.2758661035635679
3,3,3,3,3,3,2,4,2,2,1.5503497685775338
3,3,3,3,3,3,2,3,3,3,-0.9037902414052088
3,3,3,3,3,3,2,3,3,2,1.1036353639008347
3,3,3,3,3,3,2,3,2,3,1.3160476691538512
3,3,3,3,3,3,2,3,2,2,0.14763996844667585
3,3,3,3,3,2,3,4,3,2,-0.4446860163385658
3,3,3,3,3,2,3,4,2,3,0.37378535429379706
3,3,3,3,3,2,3,3,3,3,-0.6006917570028707
3,3,3,3,3,2,3,3,3,2,-0.02978887071802706
3,3,3,3,3,2,3,3,2,3,-0.8481739579032329
3,3,3,3,3,2,3,3,2,2,0.618950526551913
3,3,3,3,3,2,2,4,3,3,0.14225930828102953
3,3,3,3,3,2,2,4,3,2,-0.4221336181474019
3,3,3,3,3,2,2,4,2,3,0.9209476655142457
3,3,3,3,3,2,2,4,2,2,-0.33537879740813337
3,3,3,3,3,2,2,3,3,3,-0.9027312260276588
3,3,3,3,3,2,2,3,3,2,-1.0950278794005783
3,3,3,3,3,2,2,3,2,3,1.775042431540375
3,3,3,3,3,2,2,3,2,2,0.3144775475670861
3,3,3,2,4,3,3,3,2,2,-0.622301865057796
3,3,3,2,4,3,2,3,3,2,1.1350737624848455
3,3,3,2,4,2,3,3,3,2,-0.0922479566058408
3,3,3,2,3,3,3,4,2,3,-0.08530963073745972
3,3,3,2,3,3,3,4,2,2,0.6563910212483021
3,3,3,2,3,3,3,3,3,3,1.830345943653312
3,3,3,2,3,3,3,3,3,2,0.6424568573505071
3,3,3,2,3,3,3,3,2,3,-1.4704513677517397
3,3,3,2,3,3,3,3,2,2,0.4129943250879597
3,3,3,2,3,3,2,4,3,2,0.2279835261899785
3,3,3,2,3,3,2,4,2,3,-0.9496999830387428
3,3,3,2,3,3,2,4,2,2,-1.2018999069729712
3,3,3,2,3,3,2,3,3,3,-1.8179895265541683
3,3,3,2,3,3,2,3,3,2,-0.5722630808821797
3,3,3,2,3,3,2,3,2,3,1.1055648578506572
3,3,3,2,3,3,2,3,2,2,-0.08802991956035876
3,3,3,2,3,2,3,4,2,3,0.31377325354254926
3,3,3,2,3,2,3,3,3,3,0.8319702694460908
3,3,3,2,3,2,3,3,3,2,-0.8148896365826823
3,3,3,2,3,2,3,3,2,3,0.119414496290218
3,3,3,2,3,2,3,3,2,2,-1.2298378191620163
3,3,3,2,3,2,2,3,3,3,1.4607729014194661
3,3,3,2,3,2,2,3,3,2,1.4502301352536933
3,3,3,2,3,2,2,3,2,3,0.22000151654590194
3,3,3,2,3,2,2,3,2,2,-0.6803342647362253
3,3,2,3,3,3,3,3,3,2,1.1996211784451165
3,3,2,3,3,3,3,3,2,2,-0.20134065942682539
3,3,2,3,3,3,2,3,3,3,-0.2540345489337152
3,3,2,3,3,3,2,3,3,2,0.4095566388720805
3,3,2,3,3,3,2,3,2,3,1.0280054454960643
3,3,2,3,3,3,2,3,2,2,0.3101611633685161
3,3,2,3,3,2,3,3,3,2,-1.386026819004028
3,3,2,3,3,2,2,3,2,3,0.0463578493449177
3,2,3,3,4,3,3,3,2,2,-1.092170772259093
3,2,3,3,4,3,2,3,3,2,-0.3181415922010545
3,2,3,3,4,3,2,3,2,2,0.23238776589174154
3,2,3,3,4,2,3,3,3,2,1.6406923997014848
3,2,3,3,4,2,3,3,2,2,0.7472334773465253
3,2,3,3,4,2,2,3,3,2,-0.5743785705351371
3,2,3,3,3,3,3,4,3,2,-0.20762904235928772
3,2,3,3,3,3,3,4,2,3,0.7807840285480849
3,2,3,3,3,3,3,4,2,2,-0.10504638963888151
3,2,3,3,3,3,3,3,3,3,0.06858961900323016
3,2,3,3,3,3,3,3,3,2,-2.1159092793577265
3,2,3,3,3,3,3,3,2,3,-0.6913777058827314
3,2,3,3,3,3,3,3,2,2,0.5632157388735402
3,2,3,3,3,3,2,4,3,3,0.34096011299511975
3,2,3,3,3,3,2,4,3,2,0.2819772769777979
3,2,3,3,3,3,2,4,2,3,-0.2635620019953461
3,2,3,3,3,3,2,4,2,2,-0.9245735871671696
3,2,3,3,3,3,2,3,3,3,-0.345655331275241
3,2,3,3,3,3,2,3,3,2,-1.3375552462543052
3,2,3,3,3,3,2,3,2,3,-0.7781563893011266
3,2,3,3,3,3,2,3,2,2,1.0498389234406789
3,2,3,3,3,2,3,4,3,2,1.370549031140628
3,2,3,3,3,2,3,4,2,3,0.03509006919993809
3,2,3,3,3,2,3,4,2,2,0.4347346030424002
3,2,3,3,3,2,3,3,3,3,1.3883893773142766
3,2,3,3,3,2,3,3,3,2,-0.47477508512845185
3,2,3,3,3,2,3,3,2,3,0.8240828122941688
3,2,3,3,3,2,3,3,2,2,0.824141485371926
3,2,3,3,3,2,2,4,3,3,0.8986690926906836
3,2,3,3,3,2,2,4,3,2,1.3017616970937393
3,2,3,3,3,2,2,4,2,3,1.254635032571565
3,2,3,3,3,2,2,4,2,2,-0.8117373931775452
3,2,3,3,3,2,2,3,3,3,-1.7654729931327382
3,2,3,3,3,2,2,3,3,2,0.5746489377261033
3,2,3,3,3,2,2,3,2,3,-0.11377245483983738
3,2,3,3,3,2,2,3,2,2,0.7726201230069856
3,2,3,2,4,3,3,3,2,2,2.800404860848288
3,2,3,2,3,3,3,4,3,2,0.6438107950565419
3,2,3,2,3,3,3,4,2,3,-0.4026020223251426
3,2,3,2,3,3,3,4,2,2,-1.5518459631974686
3,2,3,2,3,3,3,3,3,3,0.5705462996419448
3,2,3,2,3,3,3,3,3,2,1.4030830088804058
3,2,3,2,3,3,3,3,2,3,-0.0964486484157845
3,2,3,2,3,3,3,3,2,2,0.6810375168331658
3,2,3,2,3,3,2,4,3,2,0.4364819237525756
3,2,3,2,3,3,2,4,2,3,0.2711921744814483
3,2,3,2,3,3,2,4,2,2,0.5430555800397853
3,2,3,2,3,3,2,3,3,3,0.14574587437418227
3,2,3,2,3,3,2,3,3,2,0.9283112054270838
3,2,3,2,3,3,2,3,2,3,-0.6000570975688366
3,2,3,2,3,3,2,3,2,2,0.5552613215738622
3,2,3,2,3,2,3,4,3,2,-0.75067851591167
3,2,3,2,3,2,3,3,3,2,1.114888173349354
3,2,3,2,3,2,3,3,2,3,0.19979146614822466
3,2,3,2,3,2,2,4,3,2,0.416251653343804
3,2,3,2,3,2,2,3,3,3,1.1810894930257343
3,2,3,2,3,2,2,3,3,2,-0.3298777255494326
3,2,3,2,3,2,2,3,2,3,0.9066174457842442
3,2,3,2,3,2,2,3,2,2,0.023574431167325483
3,2,2,3,3,3,3,3,3,3,0.6586327254301131
3,2,2,3,3,3,3,3,3,2,-0.2712222398622541
3,2,2,3,3,3,2,3,3,3,0.5599774128326194
3,2,2,3,3,3,2,3,3,2,-0.5251741972424238
3,2,2,3,3,3,2,3,2,2,2.064355408117381
3,2,2,3,3,2,3,4,3,2,-1.8454113480389638
3,2,2,3,3,2,2,3,3,3,-0.02904589853564883
3,2,2,2,3,3,2,3,3,2,-0.04778574027772882
2,10,0,2,4,0,0,2,10,0,0.471242237474012
2,10,0,2,2,0,2,0,4,4,6.7911305175286305
2,10,0,2,0,6,0,0,0,0,37.02659122268774
2,10,0,0,0,0,8,0,2,0,7.555042793482075
2,8,6,0,2,2,2,0,0,4,17.679097047306392
2,8,0,8,4,2,2,2,2,0,13.200158147777605
2,8,0,0,0,4,0,2,0,10,66.94518611982642
2,6,6,0,0,0,2,2,2,0,9.793635063541428
2,6,0,16,2,2,2,0,0,0,30.55022077340257
2,4,10,2,6,0,2,0,0,2,14.276089894266777
2,4,6,0,4,10,0,2,0,2,49.02380717423136
2,4,4,0,0,6,0,12,0,0,21.549726261559318
2,4,4,0,0,0,2,12,0,4,26.877210224545294
2,4,2,2,8,0,6,0,4,0,6.371734778488963
2,4,2,0,0,4,6,0,0,12,20.966562254345895
2,4,2,0,0,2,0,0,6,2,73.93677830340957
2,4,0,4,8,4,0,4,2,2,2.2680568011015634
2,3,3,3,4,3,3,3,2,2,-0.9201873443015022
2,3,3,3,4,3,2,3,3,3,0.008091888279320229
2,3,3,3,4,3,2,3,3,2,-1.1376841767441563
2,3,3,3,4,3,2,3,2,3,1.4527605049571062
2,3,3,3,4,3,2,3,2,2,0.2923021310540158
2,3,3,3,4,2,3,3,3,2,-0.9172664368506966
2,3,3,3,4,2,2,3,3,2,0.0914323720550979
2,3,3,3,4,2,2,3,2,2,0.3904068207385218
2,3,3,3,3,3,3,4,3,3,0.8867139233731052
2,3,3,3,3,3,3,4,3,2,-0.6659638481855188
2,3,3,3,3,3,3,4,2,3,1.2780538575311422
2,3,3,3,3,3,3,4,2,2,0.12816704068151166
2,3,3,3,3,3,3,3,3,3,-2.4552841147949653
2,3,3,3,3,3,3,3,3,2,-0.9039141179040147
2,3,3,3,3,3,3,3,2,3,0.9679172882095541
2,3,3,3,3,3,3,3,2,2,-0.07149325248842155
2,3,3,3,3,3,3,2,3,2,-1.2009252064154736
2,3,3,3,3,3,2,4,3,3,0.25224592009346475
2,3,3,3,3,3,2,4,3,2,-0.06985559498875782
2,3,3,3,3,3,2,4,2,3,-0.7835563885612336
2,3,3,3,3,3,2,4,2,2,0.1587281282658271
2,3,3,3,3,3,2,3,3,3,-2.8659794224151285
2,3,3,3,3,3,2,3,3,2,-0.4212859314954637
2,3,3,3,3,3,2,3,2,3,-1.006681318400929
2,3,3,3,3,3,2,3,2,2,0.9201841833703093
2,3,3,3,3,2,3,4,3,3,0.3819323160876492
2,3,3,3,3,2,3,4,3,2,1.2507050766918077
2,3,3,3,3,2,3,4,2,2,1.085890271383074
2,3,3,3,3,2,3,3,3,3,-0.717055270731676
2,3,3,3,3,2,3,3,3,2,0.4807758104755923
2,3,3,3,3,2,3,3,2,3,1.8585820930113537
2,3,3,3,3,2,3,3,2,2,0.3419628135106941
2,3,3,3,3,2,2,4,3,3,-1.0850661861852833
2,3,3,3,3,2,2,4,3,2,0.8445912750217919
2,3,3,3,3,2,2,4,2,3,-0.9543864131283756
2,3,3,3,3,2,2,4,2,2,-0.3779856726975013
2,3,3,3,3,2,2,3,3,3,-0.6582510305252915
2,3,3,3,3,2,2,3,3,2,0.22857556704876303
2,3,3,3,3,2,2,3,2,3,-0.5448626254768937
2,3,3,3,3,2,2,3,2,2,-0.02769660038991433
2,3,3,2,4,3,3,3,3,2,-0.010368324340956907
2,3,3,2,4,3,2,3,3,2,-0.8674269314090615
2,3,3,2,4,3,2,3,2,2,1.6608074570539217
2,3,3,2,4,2,3,3,3,2,-1.6195703451091508
2,3,3,2,3,3,3,4,3,2,2.2313313161567994
2,3,3,2,3,3,3,4,2,2,0.38275680814328594
2,3,3,2,3,3,3,3,3,3,0.5830291225117153
2,3,3,2,3,3,3,3,3,2,0.6352459355330528
2,3,3,2,3,3,3,3,2,3,-1.3767704501783982
2,3,3,2,3,3,3,3,2,2,2.820467371633978
2,3,3,2,3,3,2,4,3,3,-0.7652611475543484
2,3,3,2,3,3,2,4,3,2,-0.909784512002038
2,3,3,2,3,3,2,4,2,3,-2.567826729721255
2,3,3,2,3,3,2,4,2,2,1.9951856118544737
2,3,3,2,3,3,2,3,3,3,-1.4809199321194726
2,3,3,2,3,3,2,3,3,2,-1.9542057329740359
2,3,3,2,3,3,2,3,2,3,-0.061192809710089016
2,3,3,2,3,3,2,3,2,2,0.6068905074784561
2,3,3,2,3,2,3,4,3,2,1.8530610676422852
2,3,3,2,3,2,3,4,2,2,1.8025233574228154
2,3,3,2,3,2,3,3,3,3,-0.698323875560114
2,3,3,2,3,2,3,3,3,2,-0.7927036922656026
2,3,3,2,3,2,3,3,2,3,-0.010279909118213163
2,3,3,2,3,2,3,3,2,2,0.15123637369826232
2,3,3,2,3,2,2,4,3,3,-1.375110078557572
2,3,3,2,3,2,2,4,3,2,-0.15975259700194253
2,3,3,2,3,2,2,3,3,3,0.49863107770323006
2,3,3,2,3,2,2,3,3,2,-1.0978394225217494
2,3,3,2,3,2,2,3,2,3,2.491395354477116
2,3,3,2,3,2,2,3,2,2,1.7506197059938666
2,3,2,3,3,3,3,3,3,3,2.502179824879241
2,3,2,3,3,3,3,3,3,2,0.4534241949765236
2,3,2,3,3,3,3,3,2,3,1.7876269771365791
2,3,2,3,3,3,3,3,2,2,-0.04748505450163431
2,3,2,3,3,3,2,3,3,3,0.26756895814100645
2,3,2,3,3,3,2,3,3,2,0.8453159839752293
2,3,2,3,3,3,2,3,2,3,-0.06765745229883506
2,3,2,3,3,3,2,3,2,2,1.7450329140087155
2,3,2,3,3,2,3,3,3,3,-0.6481417461953051
2,3,2,3,3,2,3,3,3,2,-1.4581854957950673
2,3,2,3,3,2,2,3,3,2,1.4254074127504404
2,3,2,2,3,2,3,3,3,2,-0.10856126422355943
2,2,10,0,0,4,2,4,0,6,17.063744527015455
2,2,6,10,0,0,2,2,2,4,4.560079393948859
2,2,6,0,6,0,2,2,2,2,54.96041682562522
2,2,4,4,14,4,0,0,0,0,61.65835883937648
2,2,4,2,0,2,0,8,2,6,31.1192535793468
2,2,4,0,0,4,4,4,0,0,38.42904676959494
2,2,4,0,0,2,4,8,2,2,-0.21380851485864885
2,2,3,3,4,3,3,3,3,2,-0.8748214611141877
2,2,3,3,4,3,3,3,2,3,-1.2639726496491666
2,2,3,3,4,3,3,3,2,2,-0.3284155555405575
2,2,3,3,4,3,2,3,3,3,0.5092544704774618
2,2,3,3,4,3,2,3,3,2,0.7067613822069846
2,2,3,3,4,3,2,3,2,3,0.001702590084842045
2,2,3,3,4,3,2,3,2,2,2.374063687217674
2,2,3,3,4,2,3,3,3,2,2.379746597761409
2,2,3,3,4,2,3,3,2,2,1.0797024050064692
2,2,3,3,4,2,2,3,3,2,-0.820241298029296
2,2,3,3,4,2,2,3,2,3,-0.3758460035438181
2,2,3,3,4,2,2,3,2,2,0.7700393804302298
2,2,3,3,3,3,3,4,3,3,-0.16041438290105656
2,2,3,3,3,3,3,4,3,2,-0.4905407548496498
2,2,3,3,3,3,3,4,2,3,-1.303190082182818
2,2,3,3,3,3,3,4,2,2,-1.1844694991069389
2,2,3,3,3,3,3,3,3,3,0.5369547471357985
2,2,3,3,3,3,3,3,3,2,-1.1000897978198165
2,2,3,3,3,3,3,3,2,3,0.20000303444593756
2,2,3,3,3,3,3,3,2,2,1.070639054731946
2,2,3,3,3,3,2,4,3,3,0.2676507223662605
2,2,3,3,3,3,2,4,3,2,0.6835591341876244
2,2,3,3,3,3,2,4,2,3,1.822842138933247
2,2,3,3,3,3,2,4,2,2,-1.502432740706236
2,2,3,3,3,3,2,3,3,3,-0.6346236467705924
2,2,3,3,3,3,2,3,3,2,-1.128147414576739
2,2,3,3,3,3,2,3,2,3,2.251682006993794
2,2,3,3,3,3,2,3,2,2,-0.3884636640392963
2,2,3,3,3,2,3,4,3,3,0.1955372606093511
2,2,3,3,3,2,3,4,3,2,1.1331895940156178
2,2,3,3,3,2,3,4,2,2,1.7417826824911944
2,2,3,3,3,2,3,3,3,3,2.3325466411891655
2,2,3,3,3,2,3,3,3,2,-0.3168050692608059
2,2,3,3,3,2,3,3,2,3,0.2312503137367107
2,2,3,3,3,2,3,3,2,2,0.3304820481292077
2,2,3,3,3,2,2,4,3,3,-1.0097667496462939
2,2,3,3,3,2,2,4,3,2,-0.7139612434888061
2,2,3,3,3,2,2,4,2,3,-0.88159337620441
2,2,3,3,3,2,2,4,2,2,0.3075672277091797
2,2,3,3,3,2,2,3,3,3,0.13104173557319185
2,2,3,3,3,2,2,3,3,2,0.5077321241859611
2,2,3,3,3,2,2,3,2,3,1.5006197335546783
2,2,3,3,3,2,2,3,2,2,1.0221929815598683
2,2,3,2,4,3,3,3,2,3,-0.20939820602041892
2,2,3,2,4,3,3,3,2,2,0.6526342362911957
2,2,3,2,4,3,2,3,3,3,0.6823454790823349
2,2,3,2,4,3,2,3,3,2,-0.7223658681741862
2,2,3,2,4,3,2,3,2,2,-2.1767064960734928
2,2,3,2,4,2,3,3,3,2,-2.100954254469886
2,2,3,2,4,2,2,4,3,3,1.463072098531662
2,2,3,2,3,3,3,4,3,2,-0.7701901514969699
2,2,3,2,3,3,3,4,2,3,-0.35907835548026246
2,2,3,2,3,3,3,4,2,2,-0.1413565939048972
2,2,3,2,3,3,3,3,3,3,0.6965424021816363
2,2,3,2,3,3,3,3,3,2,1.5746578120956238
2,2,3,2,3,3,3,3,2,3,-0.1111458044772308
2,2,3,2,3,3,3,3,2,2,0.8223001532706143
2,2,3,2,3,3,2,4,3,2,1.0994519639608873
2,2,3,2,3,3,2,4,2,3,0.3221996564330503
2,2,3,2,3,3,2,4,2,2,-1.0755999373114877
2,2,3,2,3,3,2,3,3,3,-0.15016905552520016
2,2,3,2,3,3,2,3,3,2,0.9755852407105322
2,2,3,2,3,3,2,3,2,3,-0.5984517427997836
2,2,3,2,3,3,2,3,2,2,0.9273647643811989
2,2,3,2,3,2,3,4,3,3,-0.4552655322733859
2,2,3,2,3,2,3,3,3,3,0.46439916365017847
2,2,3,2,3,2,3,3,3,2,-0.9596759453617596
2,2,3,2,3,2,3,3,2,3,-0.2015170275256272
2,2,3,2,3,2,3,3,2,2,2.2472976533176783
2,2,3,2,3,2,2,3,3,3,1.2896636557253713
2,2,3,2,3,2,2,3,3,2,1.9367975886967455
2,2,3,2,3,2,2,3,2,2,1.8772899255872773
2,2,2,12,2,0,0,0,4,6,58.762830406613965
2,2,2,12,0,2,2,0,0,6,9.91453973893989
2,2,2,4,4,6,4,2,4,0,1.3127014273443662
2,2,2,3,3,3,3,4,2,3,0.4177191600055287
2,2,2,3,3,3,3,3,3,3,-0.9900993189221955
2,2,2,3,3,3,3,3,3,2,1.1992692399083487
2,2,2,3,3,3,3,3,2,3,0.788545663000506
2,2,2,3,3,3,3,3,2,2,1.6168051474446907
2,2,2,3,3,3,2,3,3,2,-0.5754614167948833
2,2,0,4,10,0,8,0,0,4,16.07542653549629
2,2,0,4,2,6,0,0,10,0,14.370594115108737
2,2,0,4,0,0,2,2,8,10,53.08569141569964
2,2,0,2,6,6,2,4,0,2,75.75619455302942
2,2,0,2,6,2,2,2,8,2,26.364797480082103
2,2,0,2,2,6,0,6,6,0,1.8055265615933018
2,2,0,2,0,0,10,10,2,2,5.55307029691331
2,2,0,0,12,2,0,2,4,2,42.36598261779392
2,2,0,0,4,8,2,2,0,6,11.780096026081996
2,2,0,0,2,4,6,4,0,0,38.00879498422025
2,0,12,2,0,6,2,6,0,0,2.735732019874006
2,0,8,2,6,0,0,10,2,0,4.6788447088756175
2,0,6,0,6,4,0,4,4,2,42.7211687067539
2,0,4,10,0,2,4,6,0,2,65.40364505644175
2,0,4,4,0,2,6,4,6,0,6.391946992514661
2,0,4,0,6,6,6,0,6,0,5.384731436637038
2,0,4,0,0,4,2,0,4,4,4.7864882178085395
2,0,2,8,0,2,4,4,6,0,1.8889422154351072
2,0,2,2,12,0,8,0,2,2,37.85079602479697
2,0,2,2,0,6,2,6,6,0,9.351611816484688
2,0,2,0,4,2,6,4,0,4,39.86200977852954
2,0,2,0,2,2,2,4,8,0,45.42202651183482
2,0,2,0,0,2,0,14,4,6,105.68905668150555
2,0,0,2,2,4,0,10,2,2,105.83266718171124
2,0,0,0,6,4,0,4,0,2,69.70003806290524
2,0,0,0,0,10,4,10,2,2,45.37903726687635
2,0,0,0,0,6,10,2,2,0,79.09764989541928
0,16,0,2,4,2,2,0,2,2,3.542231419446357
0,14,4,0,4,2,2,0,0,4,20.169363782752292
0,12,0,0,0,0,4,4,0,8,23.571726298072583
0,10,8,4,0,0,2,2,0,4,59.39514941971249
0,8,14,0,0,2,0,0,6,0,70.48548925183931
0,8,6,4,4,0,0,0,4,2,27.931956147399706
0,8,6,2,0,0,10,0,2,0,67.77253791728344
0,8,4,0,2,4,0,2,2,8,4.6608812027793025
0,8,2,2,2,6,4,0,0,0,14.871058263962784
0,8,0,6,8,0,4,0,0,4,67.47112084493716
0,8,0,6,0,0,6,4,2,0,45.566661195792186
0,6,8,4,4,2,4,0,0,2,41.16672910946661
0,6,4,0,4,10,0,4,2,0,134.98420289043486
0,6,0,2,6,0,10,0,2,4,91.26420812603557
0,6,0,2,2,4,4,6,0,2,15.087587089938214
0,6,0,0,2,10,4,0,2,4,12.34978255809936
0,4,12,2,2,0,4,0,2,4,30.27467404618158
0,4,6,2,0,2,0,8,8,0,9.371420396625021
0,4,6,0,2,0,0,2,6,0,65.33006869087153
0,4,4,8,4,4,0,0,4,2,42.09006823350385
0,4,2,12,0,0,0,4,2,6,68.5487108389492
0,4,2,6,0,2,0,0,4,2,113.58367617156449
0,4,2,2,4,6,4,0,4,4,51.03536834555392
0,4,2,0,4,6,2,0,6,2,1.0972558705440247
0,4,0,4,4,0,14,0,2,0,17.027484436756144
0,2,12,0,4,0,6,0,4,0,12.665529549679095
0,2,10,0,2,0,2,2,2,10,59.1177043428966
0,2,6,10,0,0,6,4,0,2,26.236409842154185
0,2,6,4,2,6,4,0,4,2,4.574570058886504
0,2,6,2,8,0,0,2,2,2,77.6631075990694
0,2,6,0,2,0,0,10,4,0,37.00314885304524
0,2,4,2,0,2,8,0,2,10,10.937066498949813
0,2,4,0,6,0,0,4,4,6,78.17930470509373
0,2,4,0,2,2,0,10,0,10,24.994273056667687
0,2,2,2,0,4,4,2,2,0,11.636257017307463
0,2,2,2,0,0,4,0,10,4,39.76715924795705
0,2,2,0,14,0,10,0,2,0,75.59181372770597
0,2,2,0,12,6,0,6,0,2,69.33877306654693
0,2,2,0,0,4,0,6,4,4,76.95429651806207
0,2,0,16,0,0,4,6,0,2,7.441095340263567
0,2,0,4,14,0,0,0,0,4,33.607108539303255
0,2,0,4,0,2,2,6,4,10,15.812469956115564
0,2,0,2,2,6,10,2,2,2,32.78812327048138
0,2,0,0,12,0,2,10,2,2,70.6086869277405
0,2,0,0,6,4,0,12,0,0,13.718540855040597
0,2,0,0,0,2,8,8,0,2,0.7675091380801677
0,2,0,0,0,2,2,2,4,18,4.697764415836232
0,2,0,0,0,0,2,2,6,2,44.87466364901137
0,0,8,2,8,0,0,8,0,2,59.95501239967778
0,0,8,2,4,0,0,8,0,8,3.28093807801329
0,0,6,8,0,0,4,6,4,2,9.465380894561415
0,0,6,2,10,8,2,0,0,0,4.601840054166524
0,0,6,2,6,0,4,0,0,10,18.705175611231734
0,0,6,0,8,2,0,4,4,6,32.31616251759694
0,0,4,10,6,0,0,4,0,6,80.3744625561059
0,0,4,6,2,0,0,8,0,2,28.034398381592794
0,0,4,4,8,0,2,0,10,0,48.39595440457303
0,0,4,4,2,2,0,2,12,0,37.61096075541756
0,0,4,2,4,2,0,0,14,4,20.102475287451465
0,0,4,0,6,2,0,2,4,12,2.403314302736616
0,0,4,0,4,2,10,0,0,0,127.47487736451555
0,0,4,0,0,6,4,4,6,2,3.2054550600498075
0,0,4,0,0,0,6,8,2,2,36.47175612474041
0,0,2,8,4,0,2,4,10,0,38.05975726423021
0,0,2,6,4,2,2,8,2,4,54.43838132687826
0,0,2,6,2,4,0,0,0,6,3.0298490697376876
0,0,2,6,2,0,0,2,8,2,64.10163073161404
0,0,2,4,12,4,4,0,0,0,50.17334246471411
0,0,2,4,4,16,2,0,2,0,1.3284057300210723
0,0,2,4,4,0,12,0,2,0,17.471274210559244
0,0,2,4,4,0,0,16,4,0,59.65278330246602
0,0,2,4,2,0,2,16,0,4,13.865530334532576
0,0,2,2,4,4,0,0,8,6,75.18641044655138
0,0,2,0,14,2,0,8,0,2,45.98247265059954
0,0,2,0,8,2,2,0,2,4,41.13572784129034
0,0,2,0,4,6,4,4,2,2,164.68781959723992
0,0,0,14,0,0,4,4,2,0,28.0794975845126
0,0,0,10,4,8,0,0,2,4,9.848646385059185
0,0,0,4,0,0,6,10,0,6,57.11693734990113
0,0,0,0,12,4,2,0,2,2,26.269083809615218
0,0,0,0,2,0,4,16,2,2,37.937379148253015
0,0,0,0,0,0,0,0,0,0,16.771747522592324
